,mpg,cylinders,displacement,horsepower,weight,acceleration,model year,origin,car name
0,0.23936170212765953,8,307.0,130.0,0.5361497022965693,0.23809523809523808,70,1,chevrolet chevelle malibu
1,0.15957446808510634,8,350.0,165.0,0.5897363198185427,0.20833333333333343,70,1,buick skylark 320
2,0.23936170212765953,8,318.0,150.0,0.5168698610717324,0.17857142857142863,70,1,plymouth satellite
3,0.1861702127659574,8,304.0,150.0,0.5160192798412249,0.23809523809523808,70,1,amc rebel sst
4,0.21276595744680846,8,302.0,140.0,0.5205557130705982,0.14880952380952386,70,1,ford torino
5,0.15957446808510634,8,429.0,198.0,0.7734618656081657,0.1190476190476191,70,1,ford galaxie 500
6,0.13297872340425526,8,454.0,220.0,0.7771477176070315,0.05952380952380955,70,1,chevrolet impala
7,0.13297872340425526,8,440.0,215.0,0.7652395803799262,0.029761904761904774,70,1,plymouth fury iii
8,0.13297872340425526,8,455.0,225.0,0.797278140062376,0.1190476190476191,70,1,pontiac catalina
9,0.15957446808510634,8,390.0,190.0,0.6342500708817692,0.029761904761904774,70,1,amc ambassador dpl
10,0.15957446808510634,8,383.0,170.0,0.5528777998298838,0.1190476190476191,70,1,dodge challenger se
11,0.13297872340425526,8,340.0,160.0,0.5659200453643324,0.0,70,1,plymouth 'cuda 340
12,0.15957446808510634,8,400.0,150.0,0.6090161610433796,0.08928571428571432,70,1,chevrolet monte carlo
13,0.13297872340425526,8,455.0,225.0,0.4176353841791891,0.1190476190476191,70,1,buick estate wagon (sw)
14,0.39893617021276584,4,113.0,95.00,0.21519705131840094,0.41666666666666674,70,3,toyota corona mark ii
15,0.34574468085106375,6,198.0,95.00,0.3459030337397222,0.4464285714285715,70,1,plymouth duster
16,0.23936170212765953,6,199.0,97.00,0.3291749362064077,0.4464285714285715,70,1,amc hornet
17,0.3191489361702127,6,200.0,85.00,0.2761553728381061,0.4761904761904763,70,1,ford maverick
18,0.478723404255319,4,97.0,88.00,0.14658349872412813,0.386904761904762,70,3,datsun pl510
19,0.452127659574468,4,97.0,46.00,0.06294301105755595,0.7440476190476191,70,2,volkswagen 1131 deluxe sedan
20,0.42553191489361686,4,110.0,87.00,0.3002551743691523,0.5654761904761905,70,2,peugeot 504
21,0.39893617021276584,4,107.0,90.00,0.23164162177487946,0.386904761904762,70,2,audi 100 ls
22,0.42553191489361686,4,104.0,95.00,0.21604763254890846,0.5654761904761905,70,2,saab 99e
23,0.452127659574468,4,121.0,113.0,0.1760703147150553,0.26785714285714285,70,2,bmw 2002
24,0.3191489361702127,6,199.0,90.00,0.2934505245250921,0.41666666666666674,70,1,amc gremlin
25,0.02659574468085104,8,360.0,215.0,0.8511482846611852,0.35714285714285715,70,1,ford f250
26,0.02659574468085104,8,307.0,200.0,0.7833853132974199,0.41666666666666674,70,1,chevy c20
27,0.05319148936170211,8,318.0,210.0,0.7850864757584349,0.3273809523809524,70,1,dodge d200
28,0.0,8,304.0,193.0,0.8843209526509782,0.625,70,1,hi 1200d
29,0.478723404255319,4,97.0,88.00,0.14658349872412813,0.386904761904762,71,3,datsun pl510
30,0.50531914893617,4,140.0,90.00,0.18457612702013038,0.4464285714285715,71,1,chevrolet vega 2300
31,0.42553191489361686,4,113.0,95.00,0.17436915225404026,0.35714285714285715,71,3,toyota corona
32,0.42553191489361686,4,98.0,?,0.12276722426991782,0.6547619047619049,71,1,ford pinto
33,0.2659574468085106,6,232.0,100.0,0.2894811454493904,0.2976190476190476,71,1,amc gremlin
34,0.1861702127659574,6,225.0,105.0,0.5177204423022399,0.4464285714285715,71,1,plymouth satellite custom
35,0.21276595744680846,6,250.0,100.0,0.4865324638502977,0.4464285714285715,71,1,chevrolet chevelle malibu
36,0.2659574468085106,6,250.0,88.00,0.47887723277573013,0.4464285714285715,71,1,ford torino 500
37,0.23936170212765953,6,232.0,100.0,0.4749078537000283,0.4464285714285715,71,1,amc matador
38,0.13297872340425526,8,350.0,165.0,0.736036291465835,0.23809523809523808,71,1,chevrolet impala
39,0.13297872340425526,8,400.0,175.0,0.8083356960589737,0.20833333333333343,71,1,pontiac catalina brougham
40,0.13297872340425526,8,351.0,153.0,0.7204423022398639,0.3273809523809524,71,1,ford galaxie 500
41,0.13297872340425526,8,318.0,150.0,0.7039977317833853,0.2976190476190476,71,1,plymouth fury iii
42,0.07978723404255318,8,383.0,180.0,0.9475474907853699,0.20833333333333343,71,1,dodge monaco (sw)
43,0.10638297872340424,8,400.0,170.0,0.8882903317266798,0.23809523809523808,71,1,ford country squire (sw)
44,0.10638297872340424,8,400.0,175.0,1.0,0.23809523809523808,71,1,pontiac safari (sw)
45,0.23936170212765953,6,258.0,110.0,0.3824780266515452,0.3273809523809524,71,1,amc hornet sportabout (sw)
46,0.34574468085106375,4,140.0,72.00,0.22540402608449106,0.6547619047619049,71,1,chevrolet vega (sw)
47,0.2659574468085106,6,250.0,100.0,0.4732066912390134,0.41666666666666674,71,1,pontiac firebird
48,0.23936170212765953,6,250.0,88.00,0.43266231925148857,0.386904761904762,71,1,ford mustang
49,0.37234042553191476,4,122.0,86.00,0.17210093563935358,0.35714285714285715,71,1,mercury capri 2000
50,0.50531914893617,4,116.0,90.00,0.14459880918627732,0.35714285714285715,71,2,opel 1900
51,0.5585106382978722,4,79.0,70.00,0.13070598242132125,0.6845238095238095,71,2,peugeot 304
52,0.5585106382978722,4,88.0,76.00,0.1281542387297987,0.386904761904762,71,2,fiat 124b
53,0.5851063829787233,4,71.0,65.00,0.045364332293734044,0.6547619047619049,71,3,toyota corolla 1200
54,0.6914893617021275,4,72.0,69.00,0.0,0.5952380952380953,71,3,datsun 1200
55,0.478723404255319,4,97.0,60.00,0.06265948398072019,0.6547619047619049,71,2,volkswagen model 111
56,0.452127659574468,4,91.0,70.00,0.0969662602778566,0.7440476190476191,71,1,plymouth cricket
57,0.39893617021276584,4,113.0,95.00,0.1885455060958322,0.4464285714285715,72,3,toyota corona hardtop
58,0.42553191489361686,4,97.5,80.00,0.14544939041678484,0.5357142857142858,72,1,dodge colt hardtop
59,0.37234042553191476,4,97.0,54.00,0.18174085625177205,0.9226190476190478,72,2,volkswagen type 3
60,0.2925531914893616,4,140.0,90.00,0.22540402608449106,0.6845238095238095,72,1,chevrolet vega
61,0.3191489361702127,4,122.0,86.00,0.17380209810036862,0.505952380952381,72,1,ford pinto runabout
62,0.10638297872340424,8,350.0,165.0,0.7544655514601645,0.23809523809523808,72,1,chevrolet impala
63,0.13297872340425526,8,400.0,175.0,0.7859370569889425,0.23809523809523808,72,1,pontiac catalina
64,0.15957446808510634,8,318.0,150.0,0.7150552877799831,0.3273809523809524,72,1,plymouth fury iii
65,0.13297872340425526,8,351.0,153.0,0.713354125318968,0.2976190476190476,72,1,ford galaxie 500
66,0.21276595744680846,8,304.0,150.0,0.58378225120499,0.20833333333333343,72,1,amc ambassador sst
67,0.05319148936170211,8,429.0,208.0,0.8562517720442303,0.17857142857142863,72,1,mercury marquis
68,0.10638297872340424,8,350.0,155.0,0.8191097249787355,0.3273809523809524,72,1,buick lesabre custom
69,0.07978723404255318,8,350.0,160.0,0.8060674794442869,0.3273809523809524,72,1,oldsmobile delta 88 royale
70,0.10638297872340424,8,400.0,190.0,0.7964275588318684,0.26785714285714285,72,1,chrysler newport royal
71,0.2659574468085106,3,70.0,97.00,0.20328891409129568,0.3273809523809524,72,3,mazda rx2 coupe
72,0.15957446808510634,8,304.0,150.0,0.6461582081088745,0.26785714285714285,72,1,amc matador (sw)
73,0.10638297872340424,8,307.0,130.0,0.7045647859370571,0.35714285714285715,72,1,chevrolet chevelle concours (sw)
74,0.10638297872340424,8,302.0,140.0,0.7601360929968811,0.4761904761904763,72,1,ford gran torino (sw)
75,0.13297872340425526,8,318.0,150.0,0.6986107173235044,0.35714285714285715,72,1,plymouth satellite custom (sw)
76,0.23936170212765953,4,121.0,112.0,0.374255741423306,0.386904761904762,72,2,volvo 145e (sw)
77,0.34574468085106375,4,121.0,76.00,0.25460731499858236,0.5952380952380953,72,2,volkswagen 411 (sw)
78,0.3191489361702127,4,120.0,87.00,0.3872979869577545,0.6845238095238095,72,2,peugeot 504 (sw)
79,0.452127659574468,4,96.0,69.00,0.16331159625744263,0.5952380952380953,72,2,renault 12 (sw)
80,0.34574468085106375,4,122.0,86.00,0.22171817408562522,0.4761904761904763,72,1,ford pinto (sw)
81,0.50531914893617,4,97.0,92.00,0.19138077686419053,0.5357142857142858,72,3,datsun 510 (sw)
82,0.37234042553191476,4,120.0,97.00,0.2531896796144032,0.386904761904762,72,3,toyouta corona mark ii (sw)
83,0.50531914893617,4,98.0,80.00,0.1562234193365466,0.41666666666666674,72,1,dodge colt (sw)
84,0.478723404255319,4,97.0,88.00,0.13807768641905305,0.505952380952381,72,3,toyota corolla 1600 (sw)
85,0.10638297872340424,8,350.0,175.0,0.7051318400907286,0.2976190476190476,73,1,buick century 350
86,0.13297872340425526,8,304.0,150.0,0.58378225120499,0.20833333333333343,73,1,amc matador
87,0.10638297872340424,8,350.0,145.0,0.6733768074851149,0.2976190476190476,73,1,chevrolet malibu
88,0.13297872340425526,8,302.0,137.0,0.68868726963425,0.386904761904762,73,1,ford gran torino
89,0.15957446808510634,8,318.0,150.0,0.613552594272753,0.26785714285714285,73,1,dodge coronet custom
90,0.07978723404255318,8,429.0,198.0,0.9466969095548624,0.20833333333333343,73,1,mercury marquis brougham
91,0.10638297872340424,8,400.0,150.0,0.8083356960589737,0.23809523809523808,73,1,chevrolet caprice classic
92,0.10638297872340424,8,351.0,158.0,0.779699461298554,0.2976190476190476,73,1,ford ltd
93,0.13297872340425526,8,318.0,150.0,0.7439750496172385,0.386904761904762,73,1,plymouth fury gran sedan
94,0.10638297872340424,8,440.0,215.0,0.8851715338814857,0.17857142857142863,73,1,chrysler new yorker brougham
95,0.07978723404255318,8,455.0,225.0,0.9464133824780266,0.17857142857142863,73,1,buick electra 225 custom
96,0.10638297872340424,8,360.0,175.0,0.62602778565353,0.17857142857142863,73,1,amc ambassador brougham
97,0.23936170212765953,6,225.0,105.0,0.42755883186844346,0.505952380952381,73,1,plymouth valiant
98,0.1861702127659574,6,250.0,100.0,0.47207258293167,0.5952380952380953,73,1,chevrolet nova custom
99,0.23936170212765953,6,232.0,100.0,0.37765806634533594,0.4761904761904763,73,1,amc hornet
100,0.23936170212765953,6,250.0,88.00,0.3992061241848597,0.505952380952381,73,1,ford maverick
101,0.37234042553191476,6,198.0,95.00,0.36603345619506666,0.4761904761904763,73,1,plymouth duster
102,0.452127659574468,4,97.0,46.00,0.09554862489367733,0.7738095238095241,73,2,volkswagen super beetle
103,0.05319148936170211,8,400.0,150.0,0.9594556280124752,0.35714285714285715,73,1,chevrolet impala
104,0.07978723404255318,8,400.0,167.0,0.9336546640204139,0.26785714285714285,73,1,ford country
105,0.10638297872340424,8,360.0,170.0,0.8622058406577827,0.2976190476190476,73,1,plymouth custom suburb
106,0.07978723404255318,8,350.0,180.0,0.818259143748228,0.26785714285714285,73,1,oldsmobile vista cruiser
107,0.23936170212765953,6,232.0,100.0,0.3334278423589453,0.41666666666666674,73,1,amc gremlin
108,0.2925531914893616,4,97.0,88.00,0.18882903317266797,0.6547619047619049,73,3,toyota carina
109,0.3191489361702127,4,140.0,72.00,0.22341933654664026,0.6845238095238095,73,1,chevrolet vega
110,0.34574468085106375,4,108.0,94.00,0.21718174085625175,0.505952380952381,73,3,datsun 610
111,0.23936170212765953,3,70.0,90.00,0.1448823362631131,0.3273809523809524,73,3,maxda rx3
112,0.2659574468085106,4,122.0,85.00,0.19761837255457892,0.625,73,1,ford pinto
113,0.3191489361702127,6,155.0,107.0,0.24354975900198472,0.35714285714285715,73,1,mercury capri v6
114,0.452127659574468,4,98.0,90.00,0.18485965409696625,0.4464285714285715,73,2,fiat 124 sport coupe
115,0.15957446808510634,8,350.0,145.0,0.7000283527076835,0.2976190476190476,73,1,chevrolet monte carlo s
116,0.1861702127659574,8,400.0,230.0,0.7555996597675078,0.08928571428571432,73,1,pontiac grand prix
117,0.5319148936170212,4,68.0,49.00,0.07201587751630278,0.6845238095238095,73,2,fiat 128
118,0.39893617021276584,4,116.0,75.00,0.15452225687553167,0.4464285714285715,73,2,opel manta
119,0.2925531914893616,4,114.0,91.00,0.2747377374539268,0.35714285714285715,73,2,audi 100ls
120,0.2659574468085106,4,121.0,112.0,0.35582648142897644,0.4464285714285715,73,2,volvo 144ea
121,0.15957446808510634,8,318.0,150.0,0.5063793592288064,0.17857142857142863,73,1,dodge dart custom
122,0.39893617021276584,4,121.0,110.0,0.2968528494471222,0.35714285714285715,73,2,saab 99le
123,0.2925531914893616,6,156.0,122.0,0.3385313297419904,0.3273809523809524,73,3,toyota mark ii
124,0.05319148936170211,8,350.0,180.0,0.5815140345903035,0.17857142857142863,73,1,oldsmobile omega
125,0.2925531914893616,6,198.0,95.00,0.4221718174085626,0.505952380952381,74,1,plymouth duster
126,0.3191489361702127,6,200.0,?,0.35781117096682735,0.5357142857142858,74,1,ford maverick
127,0.2659574468085106,6,232.0,100.0,0.36518287496455915,0.4761904761904763,74,1,amc hornet
128,0.15957446808510634,6,250.0,100.0,0.4885171533881486,0.5357142857142858,74,1,chevrolet nova
129,0.5851063829787233,4,79.0,67.00,0.09554862489367733,0.6547619047619049,74,3,datsun b210
130,0.452127659574468,4,122.0,80.00,0.2375956903884321,0.505952380952381,74,1,ford pinto
131,0.6117021276595743,4,71.0,65.00,0.06322653813439183,0.7738095238095241,74,3,toyota corolla 1200
132,0.42553191489361686,4,140.0,75.00,0.2633966543804933,0.5357142857142858,74,1,chevrolet vega
133,0.1861702127659574,6,250.0,100.0,0.6146867025800965,0.5357142857142858,74,1,chevrolet chevelle malibu classic
134,0.1861702127659574,6,258.0,110.0,0.5724411681315565,0.5952380952380953,74,1,amc matador
135,0.23936170212765953,6,225.0,105.0,0.5670541536716757,0.505952380952381,74,1,plymouth satellite sebring
136,0.1861702127659574,8,302.0,140.0,0.7167564502409981,0.35714285714285715,74,1,ford gran torino
137,0.10638297872340424,8,350.0,150.0,0.8749645591153955,0.386904761904762,74,1,buick century luxus (sw)
138,0.13297872340425526,8,318.0,150.0,0.8063510065211227,0.3273809523809524,74,1,dodge coronet custom (sw)
139,0.13297872340425526,8,302.0,140.0,0.8576694074284094,0.4761904761904763,74,1,ford gran torino (sw)
140,0.13297872340425526,8,304.0,150.0,0.7496455911539551,0.4464285714285715,74,1,amc matador (sw)
141,0.5319148936170212,4,98.0,83.00,0.1718174085625177,0.505952380952381,74,2,audi fox
142,0.452127659574468,4,79.0,67.00,0.09923447689254328,0.4464285714285715,74,2,volkswagen dasher
143,0.452127659574468,4,97.0,78.00,0.1947831017862206,0.386904761904762,74,2,opel manta
144,0.5851063829787233,4,76.0,52.00,0.010206974766090171,0.505952380952381,74,3,toyota corona
145,0.6117021276595743,4,83.0,61.00,0.11057555996597679,0.6547619047619049,74,3,datsun 710
146,0.50531914893617,4,90.0,75.00,0.14516586333994896,0.386904761904762,74,1,dodge colt
147,0.39893617021276584,4,90.0,75.00,0.14034590303373973,0.4464285714285715,74,2,fiat 128
148,0.452127659574468,4,116.0,75.00,0.17947263963708537,0.35714285714285715,74,2,fiat 124 tc
149,0.39893617021276584,4,120.0,97.00,0.24836971930819396,0.41666666666666674,74,3,honda civic
150,0.452127659574468,4,108.0,93.00,0.22058406577828182,0.4464285714285715,74,3,subaru
151,0.5851063829787233,4,79.0,67.00,0.10972497873546927,0.4761904761904763,74,2,fiat x1.9
152,0.2659574468085106,6,225.0,95.00,0.46810320385596826,0.4761904761904763,75,1,plymouth valiant custom
153,0.23936170212765953,6,250.0,105.0,0.5233909838389567,0.4761904761904763,75,1,chevrolet nova
154,0.15957446808510634,6,250.0,72.00,0.515735752764389,0.7738095238095241,75,1,mercury monarch
155,0.15957446808510634,6,250.0,72.00,0.43804933371136945,0.6845238095238095,75,1,ford maverick
156,0.1861702127659574,8,400.0,170.0,0.8661752197334845,0.20833333333333343,75,1,pontiac catalina
157,0.15957446808510634,8,350.0,145.0,0.8015310462149136,0.35714285714285715,75,1,chevrolet bel air
158,0.1861702127659574,8,318.0,150.0,0.8179756166713922,0.386904761904762,75,1,plymouth grand fury
159,0.13297872340425526,8,351.0,148.0,0.8630564218882902,0.3273809523809524,75,1,ford ltd
160,0.21276595744680846,6,231.0,110.0,0.6504111142614121,0.7738095238095241,75,1,buick century
161,0.1861702127659574,6,250.0,105.0,0.6475758434930535,0.625,75,1,chevroelt chevelle malibu
162,0.15957446808510634,6,258.0,110.0,0.6002268216614687,0.6547619047619049,75,1,amc matador
163,0.23936170212765953,6,225.0,95.00,0.6158208108874398,0.6547619047619049,75,1,plymouth fury
164,0.3191489361702127,6,231.0,110.0,0.4043096115679048,0.41666666666666674,75,1,buick skyhawk
165,0.2925531914893616,8,262.0,110.0,0.45591153955202723,0.3273809523809524,75,1,chevrolet monza 2+2
166,0.10638297872340424,8,302.0,129.0,0.44116813155656365,0.23809523809523808,75,1,ford mustang ii
167,0.5319148936170212,4,97.0,75.00,0.1582081088743975,0.4761904761904763,75,3,toyota corolla
168,0.37234042553191476,4,140.0,83.00,0.29089878083356957,0.5357142857142858,75,1,ford pinto
169,0.2925531914893616,6,232.0,100.0,0.368868726963425,0.4761904761904763,75,1,amc gremlin
170,0.37234042553191476,4,140.0,78.00,0.27757300822228526,0.625,75,1,pontiac astro
171,0.39893617021276584,4,134.0,96.00,0.30876098667422736,0.3273809523809524,75,3,toyota corona
172,0.42553191489361686,4,90.0,71.00,0.1729515168698611,0.505952380952381,75,2,volkswagen dasher
173,0.39893617021276584,4,119.0,97.00,0.26424723561100083,0.5357142857142858,75,3,datsun 710
174,0.23936170212765953,6,171.0,97.00,0.3887156223419337,0.386904761904762,75,1,ford pinto
175,0.5319148936170212,4,90.0,70.00,0.09186277289481148,0.35714285714285715,75,2,volkswagen rabbit
176,0.2659574468085106,6,232.0,90.00,0.4530762687836688,0.5357142857142858,75,1,amc pacer
177,0.37234042553191476,4,115.0,95.00,0.3064927700595407,0.41666666666666674,75,2,audi 100ls
178,0.37234042553191476,4,120.0,88.00,0.381060391267366,0.5357142857142858,75,2,peugeot 504
179,0.34574468085106375,4,121.0,98.00,0.37765806634533594,0.386904761904762,75,2,volvo 244dl
180,0.42553191489361686,4,121.0,115.0,0.2999716472923164,0.3273809523809524,75,2,saab 99le
181,0.6382978723404253,4,91.0,53.00,0.05160192798412244,0.5654761904761905,75,3,honda civic cvcc
182,0.50531914893617,4,107.0,86.00,0.24128154238729804,0.4464285714285715,76,2,fiat 131
183,0.42553191489361686,4,116.0,81.00,0.17210093563935358,0.5297619047619047,76,2,opel 1900
184,0.42553191489361686,4,140.0,92.00,0.2719024666855685,0.4107142857142858,76,1,capri ii
185,0.452127659574468,4,98.0,79.00,0.18202438332860793,0.5773809523809523,76,1,dodge colt
186,0.478723404255319,4,101.0,83.00,0.16699744825630847,0.43452380952380965,76,2,renault 12tl
187,0.22606382978723397,8,305.0,140.0,0.7377374539268501,0.2976190476190476,76,1,chevrolet chevelle malibu classic
188,0.1861702127659574,8,318.0,150.0,0.7306492770059542,0.2976190476190476,76,1,dodge coronet brougham
189,0.1728723404255319,8,304.0,120.0,0.666005103487383,0.3511904761904762,76,1,amc matador
190,0.14627659574468083,8,351.0,152.0,0.7377374539268501,0.28571428571428575,76,1,ford gran torino
191,0.34574468085106375,6,225.0,100.0,0.4593138644740573,0.4404761904761906,76,1,plymouth valiant
192,0.34574468085106375,6,250.0,105.0,0.49333711369435784,0.386904761904762,76,1,chevrolet nova
193,0.39893617021276584,6,200.0,81.00,0.3966543804933371,0.5714285714285716,76,1,ford maverick
194,0.3590425531914893,6,232.0,90.00,0.41735185710235323,0.5714285714285716,76,1,amc hornet
195,0.5319148936170212,4,85.0,52.00,0.11964842642472362,0.8452380952380955,76,1,chevrolet chevette
196,0.4122340425531913,4,98.0,60.00,0.1562234193365466,0.8392857142857145,76,1,chevrolet woody
197,0.5319148936170212,4,90.0,70.00,0.09186277289481148,0.369047619047619,76,2,vw rabbit
198,0.6382978723404253,4,91.0,53.00,0.05160192798412244,0.5595238095238095,76,3,honda civic
199,0.2925531914893616,6,225.0,100.0,0.5778281825914374,0.5773809523809523,76,1,dodge aspen se
200,0.23936170212765953,6,250.0,78.00,0.5559965976750779,0.7738095238095241,76,1,ford granada ghia
201,0.252659574468085,6,250.0,110.0,0.5761270201304224,0.48809523809523814,76,1,pontiac ventura sj
202,0.22606382978723397,6,258.0,95.00,0.4479727814006238,0.5833333333333335,76,1,amc pacer d/l
203,0.5452127659574466,4,97.0,71.00,0.06010774028919763,0.24999999999999994,76,2,volkswagen rabbit
204,0.6117021276595743,4,85.0,70.00,0.10688970796711084,0.5357142857142858,76,3,datsun b-210
205,0.50531914893617,4,97.0,75.00,0.15367167564502415,0.5,76,3,toyota corolla
206,0.46542553191489344,4,140.0,72.00,0.2699177771477176,0.3333333333333333,76,1,ford pinto
207,0.2925531914893616,4,130.0,102.0,0.43578111709668277,0.45833333333333337,76,2,volvo 245
208,0.10638297872340424,8,318.0,150.0,0.6597675077969946,0.3095238095238095,76,1,plymouth volare premier v8
209,0.2659574468085106,4,120.0,88.00,0.4698043663169833,0.8273809523809524,76,2,peugeot 504
210,0.2659574468085106,6,156.0,108.0,0.37340516019279846,0.4464285714285715,76,3,toyota mark ii
211,0.1994680851063829,6,168.0,120.0,0.625744258576694,0.5178571428571429,76,2,mercedes-benz 280s
212,0.1994680851063829,8,350.0,180.0,0.7845194216047632,0.244047619047619,76,1,cadillac seville
213,0.10638297872340424,8,350.0,145.0,0.692373121633116,0.23809523809523808,76,1,chevy c10
214,0.10638297872340424,8,302.0,130.0,0.6399206124184861,0.41666666666666674,76,1,ford f108
215,0.10638297872340424,8,318.0,150.0,0.6073149985823646,0.35714285714285715,76,1,dodge d100
216,0.5984042553191488,4,98.0,68.00,0.12248369719308194,0.625,77,3,honda accord cvcc
217,0.5585106382978722,4,111.0,80.00,0.15367167564502415,0.4047619047619049,77,1,buick opel isuzu deluxe
218,0.7180851063829786,4,79.0,58.00,0.06010774028919763,0.6309523809523812,77,2,renault 5 gtl
219,0.4388297872340424,4,122.0,96.00,0.1947831017862206,0.4464285714285715,77,1,plymouth arrow gs
220,0.6515957446808509,4,85.0,70.00,0.09413098950949816,0.523809523809524,77,3,datsun f-10 hatchback
221,0.22606382978723397,8,305.0,145.0,0.6427558831868444,0.26785714285714285,77,1,chevrolet caprice classic
222,0.21276595744680846,8,260.0,110.0,0.6937907570172951,0.6547619047619049,77,1,oldsmobile cutlass supreme
223,0.1728723404255319,8,318.0,145.0,0.7164729231641621,0.33928571428571425,77,1,dodge monaco brougham
224,0.15957446808510634,8,302.0,130.0,0.7604196200737171,0.4107142857142858,77,1,mercury cougar brougham
225,0.22606382978723397,6,250.0,110.0,0.5406861355259427,0.5,77,1,chevrolet concours
226,0.30585106382978716,6,231.0,105.0,0.5137510632265382,0.5297619047619047,77,1,buick skylark
227,0.2659574468085106,6,225.0,100.0,0.5718741139778848,0.5773809523809523,77,1,plymouth volare custom
228,0.252659574468085,6,250.0,98.00,0.542103770910122,0.6547619047619049,77,1,ford granada
229,0.1861702127659574,8,400.0,180.0,0.7391550893110291,0.18452380952380956,77,1,pontiac grand prix lj
230,0.1728723404255319,8,350.0,170.0,0.723561100085058,0.2023809523809525,77,1,chevrolet monte carlo landau
231,0.1728723404255319,8,400.0,190.0,0.7689254323787921,0.24999999999999994,77,1,chrysler cordoba
232,0.1861702127659574,8,351.0,149.0,0.7717607031471506,0.386904761904762,77,1,ford thunderbird
233,0.5319148936170212,4,97.0,78.00,0.092713354125319,0.386904761904762,77,2,volkswagen rabbit custom
234,0.4122340425531913,4,151.0,88.00,0.3195350155939892,0.4761904761904763,77,1,pontiac sunbird coupe
235,0.452127659574468,4,97.0,75.00,0.18485965409696625,0.6071428571428572,77,3,toyota corolla liftback
236,0.4388297872340424,4,140.0,89.00,0.3237879217465268,0.4642857142857144,77,1,ford mustang ii 2+2
237,0.5718085106382977,4,98.0,63.00,0.12418485965409698,0.5357142857142858,77,1,chevrolet chevette
238,0.6515957446808509,4,98.0,83.00,0.13098950949815713,0.47023809523809534,77,1,dodge colt m/m
239,0.5585106382978722,4,97.0,67.00,0.10547207258293168,0.5,77,3,subaru dl
240,0.5718085106382977,4,97.0,78.00,0.1635951233342784,0.3630952380952381,77,2,volkswagen dasher
241,0.34574468085106375,6,146.0,97.00,0.3407995463566771,0.386904761904762,77,3,datsun 810
242,0.3324468085106382,4,121.0,110.0,0.27984122483697194,0.28571428571428575,77,2,bmw 320i
243,0.3324468085106382,3,80.0,110.0,0.31386447405727247,0.3273809523809524,77,3,mazda rx-4
244,0.9069148936170212,4,90.0,48.00,0.10547207258293168,0.8035714285714287,78,2,volkswagen rabbit custom diesel
245,0.7207446808510637,4,98.0,66.00,0.053019563368301714,0.38095238095238104,78,1,ford fiesta
246,0.6329787234042551,4,78.0,52.00,0.10547207258293168,0.6785714285714286,78,3,mazda glc deluxe
247,0.8085106382978721,4,85.0,70.00,0.12957187411397786,0.6309523809523812,78,3,datsun b210 gx
248,0.7207446808510637,4,91.0,60.00,0.053019563368301714,0.5,78,3,honda civic cvcc
249,0.2898936170212764,8,260.0,110.0,0.4967394386163879,0.4464285714285715,78,1,oldsmobile cutlass salon brougham
250,0.27659574468085096,8,318.0,140.0,0.601644457045648,0.3095238095238095,78,1,dodge diplomat
251,0.29787234042553185,8,302.0,139.0,0.5548624893677346,0.28571428571428575,78,1,mercury monarch ghia
252,0.2712765957446807,6,231.0,105.0,0.5449390416784804,0.6666666666666667,78,1,pontiac phoenix lj
253,0.30585106382978716,6,200.0,95.00,0.43719875248086193,0.6071428571428572,78,1,chevrolet malibu
254,0.29787234042553185,6,200.0,85.00,0.3833286078820527,0.4642857142857144,78,1,ford fairmont (auto)
255,0.42819148936170204,4,140.0,88.00,0.31386447405727247,0.4404761904761906,78,1,ford fairmont (man)
256,0.30585106382978716,6,225.0,100.0,0.5151686986107173,0.5476190476190477,78,1,plymouth volare
257,0.27659574468085096,6,232.0,90.00,0.45279274170683304,0.5476190476190477,78,1,amc concord
258,0.30851063829787234,6,231.0,105.0,0.5009923447689254,0.4642857142857144,78,1,buick century special
259,0.3138297872340425,6,200.0,85.00,0.41309895094981575,0.5178571428571429,78,1,mercury zephyr
260,0.2553191489361702,6,225.0,110.0,0.5690388432095265,0.6369047619047619,78,1,dodge aspen
261,0.24202127659574466,6,258.0,120.0,0.5094981570740006,0.42261904761904767,78,1,amc concord d/l
262,0.2712765957446807,8,305.0,145.0,0.5137510632265382,0.3095238095238095,78,1,chevrolet monte carlo landau
263,0.23138297872340416,6,231.0,165.0,0.5194216047632549,0.32142857142857145,78,1,buick regal sport coupe (turbo)
264,0.24202127659574466,8,302.0,139.0,0.4513751063226539,0.19047619047619052,78,1,ford futura
265,0.22606382978723397,8,318.0,140.0,0.699461298554012,0.33928571428571425,78,1,dodge magnum xe
266,0.5585106382978722,4,98.0,68.00,0.15367167564502415,0.505952380952381,78,1,chevrolet chevette
267,0.49202127659574457,4,134.0,95.00,0.2685001417635384,0.369047619047619,78,3,toyota corona
268,0.48404255319148914,4,119.0,97.00,0.1947831017862206,0.39880952380952384,78,3,datsun 510
269,0.5824468085106381,4,105.0,75.00,0.1749362064077119,0.386904761904762,78,1,dodge omni
270,0.3218085106382978,4,134.0,95.00,0.25574142330592575,0.4047619047619049,78,3,toyota celica gt liftback
271,0.37765957446808496,4,156.0,105.0,0.3209526509781684,0.5178571428571429,78,1,plymouth sapporo
272,0.3936170212765956,4,151.0,85.00,0.3521406294301106,0.5714285714285716,78,1,oldsmobile starfire sx
273,0.39627659574468066,4,119.0,97.00,0.22455344485398354,0.4107142857142858,78,3,datsun 200-sx
274,0.3005319148936169,5,131.0,103.0,0.3450524525092147,0.47023809523809534,78,2,audi 5000
275,0.21276595744680846,6,163.0,125.0,0.43294584632832434,0.3333333333333333,78,2,volvo 264gl
276,0.33510638297872336,4,121.0,115.0,0.33512900481996033,0.45833333333333337,78,2,saab 99gle
277,0.19148936170212758,6,163.0,133.0,0.5094981570740006,0.4642857142857144,78,2,peugeot 604sl
278,0.5984042553191488,4,89.0,71.00,0.10688970796711084,0.4107142857142858,78,2,volkswagen scirocco
279,0.5452127659574466,4,98.0,68.00,0.1480011341083074,0.5119047619047621,78,3,honda accord lx
280,0.3324468085106382,6,231.0,115.0,0.4627161893960874,0.4404761904761906,79,1,pontiac lemans v6
281,0.28723404255319146,6,200.0,85.00,0.3904167848029487,0.6071428571428572,79,1,mercury zephyr 6
282,0.35372340425531906,4,140.0,88.00,0.36206407711936495,0.5535714285714286,79,1,ford fairmont 4
283,0.29787234042553185,6,232.0,90.00,0.46838673093280414,0.6071428571428572,79,1,amc concord dl 6
284,0.30851063829787234,6,225.0,110.0,0.49532180323220865,0.5119047619047621,79,1,dodge aspen 6
285,0.21276595744680846,8,305.0,130.0,0.6314148001134109,0.4404761904761906,79,1,chevrolet caprice classic
286,0.22872340425531915,8,302.0,129.0,0.5988091862772894,0.32142857142857145,79,1,ford ltd landau
287,0.1994680851063829,8,351.0,138.0,0.6640204139495322,0.3095238095238095,79,1,mercury grand marquis
288,0.24468085106382972,8,318.0,135.0,0.6285795293450523,0.4285714285714286,79,1,dodge st. regis
289,0.21010638297872328,8,350.0,155.0,0.7788488800680465,0.4107142857142858,79,1,buick estate wagon (sw)
290,0.1728723404255319,8,351.0,142.0,0.69208959455628,0.3750000000000001,79,1,ford country squire (sw)
291,0.2712765957446807,8,267.0,125.0,0.5647859370569889,0.41666666666666674,79,1,chevrolet malibu classic (sw)
292,0.252659574468085,8,360.0,150.0,0.6597675077969946,0.2976190476190476,79,1,chrysler lebaron town @ country (sw)
293,0.6090425531914891,4,89.0,71.00,0.08846044797278141,0.35714285714285715,79,2,vw rabbit custom
294,0.6675531914893615,4,86.0,65.00,0.10263680181457335,0.4285714285714286,79,3,maxda glc deluxe
295,0.7101063829787233,4,98.0,80.00,0.08562517720442298,0.38095238095238104,79,1,dodge colt hatchback custom
296,0.4893617021276594,4,121.0,80.00,0.29968812021548064,0.41666666666666674,79,1,amc spirit dl
297,0.43617021276595724,5,183.0,77.00,0.5435214062943011,0.7202380952380953,79,2,mercedes benz 300d
298,0.37234042553191476,8,350.0,125.0,0.648426424723561,0.5595238095238095,79,1,cadillac eldorado
299,0.48404255319148914,4,141.0,71.00,0.4471222001701163,1.0,79,2,peugeot 504
300,0.39627659574468066,8,260.0,90.00,0.5123334278423589,0.8452380952380955,79,1,oldsmobile cutlass salon brougham
301,0.6702127659574467,4,105.0,70.00,0.16643039410263682,0.3095238095238095,79,1,plymouth horizon
302,0.678191489361702,4,105.0,70.00,0.15225404026084488,0.4107142857142858,79,1,plymouth horizon tc3
303,0.6063829787234041,4,85.0,65.00,0.11539552027218603,0.6666666666666667,79,3,datsun 210
304,0.7526595744680847,4,91.0,69.00,0.14658349872412813,0.39880952380952384,79,2,fiat strada custom
305,0.5159574468085104,4,151.0,90.00,0.29968812021548064,0.4761904761904763,79,1,buick skylark limited
306,0.5265957446808509,6,173.0,115.0,0.2784235894527928,0.19642857142857156,79,1,chevrolet citation
307,0.47340425531914876,6,173.0,115.0,0.3081939325205557,0.2916666666666667,79,1,oldsmobile omega brougham
308,0.6515957446808509,4,151.0,90.00,0.26736603345619503,0.3095238095238095,79,1,pontiac phoenix
309,0.8643617021276594,4,98.0,76.00,0.15055287779982984,0.39880952380952384,80,2,vw rabbit
310,0.7739361702127657,4,89.0,60.00,0.10065211227672244,0.642857142857143,80,3,toyota corolla tercel
311,0.6143617021276595,4,98.0,70.00,0.1437482279557698,0.4464285714285715,80,1,chevrolet chevette
312,0.7499999999999998,4,86.0,65.00,0.11511199319535015,0.5,80,3,datsun 310
313,0.50531914893617,4,151.0,90.00,0.3019563368301673,0.505952380952381,80,1,chevrolet citation
314,0.4627659574468084,4,140.0,88.00,0.3563935355826482,0.6011904761904763,80,1,ford fairmont
315,0.40691489361702116,4,151.0,90.00,0.39410263680181457,0.7202380952380953,80,1,amc concord
316,0.26861702127659565,6,225.0,90.00,0.5012758718457613,0.6369047619047619,80,1,dodge aspen
317,0.6728723404255317,4,97.0,78.00,0.16302806918060675,0.4642857142857144,80,2,audi 4000
318,0.553191489361702,4,134.0,90.00,0.3113127303657499,0.4464285714285715,80,3,toyota corona liftback
319,0.5930851063829786,4,120.0,75.00,0.2633966543804933,0.5654761904761905,80,3,mazda 626
320,0.7446808510638296,4,119.0,92.00,0.23277573008222285,0.41666666666666674,80,3,datsun 510 hatchback
321,0.6170212765957446,4,108.0,75.00,0.18485965409696625,0.4285714285714286,80,3,toyota corolla
322,1.0,4,86.0,65.00,0.14091295718741137,0.5892857142857142,80,3,mazda glc
323,0.502659574468085,4,156.0,105.0,0.3365466402041395,0.38095238095238104,80,1,dodge colt
324,0.8457446808510635,4,85.0,65.00,0.14091295718741137,0.6666666666666667,80,3,datsun 210
325,0.9388297872340422,4,90.0,48.00,0.13382478026651545,0.8154761904761906,80,2,vw rabbit c (diesel)
326,0.9148936170212764,4,90.0,48.00,0.20470654947547495,0.9345238095238096,80,2,vw dasher (diesel)
327,0.728723404255319,5,121.0,67.00,0.3790757017295152,0.7083333333333333,80,2,audi 5000s (diesel)
328,0.5585106382978722,4,146.0,67.00,0.46413382478026655,0.8214285714285717,80,2,mercedes-benz 240d
329,0.9468085106382976,4,91.0,67.00,0.06719591721009355,0.3452380952380953,80,3,honda civic 1500 gl
330,0.8484042553191485,4,85.0,?,0.06294301105755595,0.5535714285714286,80,2,renault lecar deluxe
331,0.6595744680851061,4,97.0,67.00,0.15083640487666572,0.5952380952380953,80,3,subaru dl
332,0.553191489361702,4,89.0,62.00,0.06577828182591439,0.43452380952380965,80,2,vokswagen rabbit
333,0.6303191489361701,6,168.0,132.0,0.3677346186560817,0.2023809523809525,80,3,datsun 280-zx
334,0.3909574468085105,3,70.0,100.0,0.22880635100652114,0.26785714285714285,80,3,mazda rx-7 gs
335,0.6914893617021275,4,122.0,88.00,0.25148851715338816,0.42261904761904767,80,2,triumph tr7 coupe
336,0.38829787234042545,4,140.0,?,0.36631698327190243,0.3750000000000001,80,1,ford mustang cobra
337,0.6223404255319147,4,107.0,72.00,0.19194783101786217,0.5357142857142858,80,3,honda accord
338,0.48404255319148914,4,135.0,84.00,0.24865324638502972,0.45833333333333337,81,1,plymouth reliant
339,0.4680851063829786,4,151.0,84.00,0.2897646725262263,0.5,81,1,buick skylark
340,0.44680851063829774,4,156.0,92.00,0.2855117663736887,0.38095238095238104,81,1,dodge aries wagon (sw)
341,0.3856382978723403,6,173.0,110.0,0.31528210944145163,0.2738095238095238,81,1,chevrolet citation
342,0.5585106382978722,4,135.0,84.00,0.21888290331726679,0.2916666666666667,81,1,plymouth reliant
343,0.8005319148936169,4,79.0,58.00,0.040260844910688987,0.5297619047619047,81,3,toyota starlet
344,0.7978723404255316,4,86.0,64.00,0.07428409413098946,0.5,81,1,plymouth champ
345,0.6941489361702127,4,81.0,60.00,0.04167848029486815,0.4821428571428573,81,3,honda civic 1300
346,0.6196808510638295,4,97.0,67.00,0.1281542387297987,0.5833333333333335,81,3,subaru
347,0.7446808510638296,4,85.0,65.00,0.10263680181457335,0.6785714285714286,81,3,datsun 210 mpg
348,0.7632978723404255,4,89.0,62.00,0.1239013325772611,0.5535714285714286,81,3,toyota tercel
349,0.6675531914893615,4,91.0,68.00,0.10547207258293168,0.4761904761904763,81,3,mazda glc 4
350,0.6835106382978723,4,105.0,63.00,0.17068330025517442,0.4107142857142858,81,1,plymouth horizon 4
351,0.6755319148936169,4,98.0,65.00,0.12248369719308194,0.48809523809523814,81,1,ford escort 4w
352,0.5558510638297871,4,98.0,65.00,0.21746526793308762,0.755952380952381,81,1,ford escort 2h
353,0.6382978723404253,4,105.0,74.00,0.1635951233342784,0.369047619047619,81,2,volkswagen jetta
354,0.678191489361702,4,100.0,?,0.20045364332293736,0.4642857142857144,81,2,renault 18i
355,0.6569148936170212,4,107.0,75.00,0.16926566487099515,0.38095238095238104,81,3,honda prelude
356,0.6223404255319147,4,108.0,75.00,0.20895945562801244,0.523809523809524,81,3,toyota corolla
357,0.6356382978723403,4,119.0,100.0,0.28409413098950953,0.4047619047619049,81,3,datsun 200sx
358,0.6010638297872339,4,120.0,74.00,0.2897646725262263,0.6130952380952381,81,3,mazda 626
359,0.5079787234042552,4,141.0,80.00,0.4584632832435498,0.7380952380952381,81,2,peugeot 505s turbo diesel
360,0.5771276595744679,6,145.0,76.00,0.4386163878650411,0.6904761904761907,81,2,volvo diesel
361,0.43617021276595724,6,168.0,116.0,0.36489934788772327,0.2738095238095238,81,3,toyota cressida
362,0.404255319148936,6,146.0,120.0,0.37340516019279846,0.3452380952380953,81,3,datsun 810 maxima
363,0.35638297872340413,6,231.0,110.0,0.5109157924581798,0.4642857142857144,81,1,buick century
364,0.4680851063829786,8,350.0,105.0,0.5988091862772894,0.6547619047619049,81,1,oldsmobile cutlass ls
365,0.29787234042553185,6,200.0,88.00,0.4102636801814573,0.5416666666666667,81,1,ford granada gl
366,0.22872340425531915,6,225.0,85.00,0.5250921462999717,0.5119047619047621,81,1,chrysler lebaron salon
367,0.50531914893617,4,112.0,88.00,0.2812588602211511,0.6904761904761907,82,1,chevrolet cavalier
368,0.478723404255319,4,112.0,88.00,0.29118230791040545,0.6309523809523812,82,1,chevrolet cavalier wagon
369,0.6648936170212765,4,112.0,88.00,0.22171817408562522,0.5952380952380953,82,1,chevrolet cavalier 2-door
370,0.5851063829787233,4,112.0,85.00,0.272753047916076,0.48809523809523814,82,1,pontiac j2000 se hatchback
371,0.5319148936170212,4,135.0,84.00,0.2585766940742841,0.4761904761904763,82,1,dodge aries se
372,0.478723404255319,4,151.0,90.00,0.31811738020981006,0.5952380952380953,82,1,pontiac phoenix
373,0.39893617021276584,4,140.0,92.00,0.3549759001984689,0.5,82,1,ford fairmont futura
374,0.37234042553191476,4,151.0,?,0.4031755032605614,0.7440476190476191,82,1,amc concord dl
375,0.7180851063829786,4,105.0,74.00,0.10405443719875251,0.43452380952380965,82,2,volkswagen rabbit l
376,0.7446808510638296,4,91.0,68.00,0.11681315565636519,0.6071428571428572,82,3,mazda glc custom l
377,0.5851063829787233,4,91.0,68.00,0.10121916643039408,0.5714285714285716,82,3,mazda glc custom
378,0.7712765957446807,4,105.0,63.00,0.14516586333994896,0.39880952380952384,82,1,plymouth horizon miser
379,0.7180851063829786,4,98.0,70.00,0.14516586333994896,0.5535714285714286,82,1,mercury lynx l
380,0.7180851063829786,4,120.0,88.00,0.15508931102920331,0.386904761904762,82,3,nissan stanza xe
381,0.7180851063829786,4,107.0,75.00,0.16784802948681599,0.386904761904762,82,3,honda accord
382,0.6648936170212765,4,108.0,70.00,0.1791891125602495,0.5297619047619047,82,3,toyota corolla
383,0.7712765957446807,4,91.0,67.00,0.09980153104621492,0.41666666666666674,82,3,honda civic
384,0.6117021276595743,4,91.0,67.00,0.09980153104621492,0.45833333333333337,82,3,honda civic (auto)
385,0.7712765957446807,4,91.0,67.00,0.10830734335129011,0.48809523809523814,82,3,datsun 310 gx
386,0.42553191489361686,6,181.0,110.0,0.37765806634533594,0.5,82,1,buick century limited
387,0.7712765957446807,6,262.0,85.00,0.39750496172384464,0.5357142857142858,82,1,oldsmobile cutlass ciera (diesel)
388,0.452127659574468,4,156.0,92.00,0.27558831868443434,0.386904761904762,82,1,chrysler lebaron medallion
389,0.34574468085106375,6,232.0,112.0,0.34647008789339384,0.39880952380952384,82,1,ford granada l
390,0.6117021276595743,4,144.0,96.00,0.29827048483130136,0.3511904761904762,82,3,toyota celica gt
391,0.7180851063829786,4,135.0,84.00,0.2146299971647292,0.2976190476190476,82,1,dodge charger 2.2
392,0.478723404255319,4,151.0,90.00,0.3790757017295152,0.5535714285714286,82,1,chevrolet camaro
393,0.478723404255319,4,140.0,86.00,0.33371136943578117,0.45238095238095244,82,1,ford mustang gl
394,0.930851063829787,4,97.0,52.00,0.14658349872412813,0.9880952380952382,82,2,vw pickup
395,0.6117021276595743,4,135.0,84.00,0.19336546640204144,0.21428571428571436,82,1,dodge rampage
396,0.50531914893617,4,120.0,79.00,0.28692940175786785,0.6309523809523812,82,1,ford ranger
397,0.5851063829787233,4,119.0,82.00,0.31386447405727247,0.6785714285714286,82,1,chevy s-10
